Survey Year,Genus,Species,Family,Taxon,Appear in Woody Survey,Appear in Herb Transects,Appear as Additional Species,Native,Non-native,Invasive
2016,Acer,negundo,Sapindaceae,Acer negundo,n,n,y,y,n,n
2016,Acer,platanoides,Sapindaceae,Acer platanoides,y,y,y,n,y,y
2016,Acer,pseudoplatanus,Sapindaceae,Acer pseudoplatanus,y,y,y,n,y,y
2016,Acer,rubrum,Sapindaceae,Acer rubrum,y,y,y,y,n,n
2016,Acer,saccharinum,Sapindaceae,Acer saccharinum,n,y,n,y,n,n
2016,Acer,saccharum,Sapindaceae,Acer saccharum,y,y,y,y,n,n
2016,Ageratina,altissima,Asteraceae,Ageratina altissima,y,y,y,y,n,n
2016,Agrostis,perennans,Poaceae,Agrostis perennans,n,y,y,y,n,n
2016,Agrostis,spp.,Poaceae,Agrostis spp.,n,y,y,n,n,n
2016,Ailanthus,altissima,Simaroubaceae,Ailanthus altissima,n,y,y,n,y,y
2016,Alliaria,petiolata,Brassicaceae,Alliaria petiolata,n,y,y,n,y,y
2016,Alnus,glutinosa,Betulaceae,Alnus glutinosa,n,y,n,n,y,y
2016,Amelanchier,spp.,Rosaceae,Amelanchier spp.,y,y,y,y,n,n
2016,Ampelopsis,brevipedunculata,Vitaceae,Ampelopsis brevipedunculata,y,y,y,n,y,y
2016,Apiaceae,spp.,Apiaceae,Apiaceae spp.,n,n,y,n,n,n
2016,Apocynum,cannabinum,Apocynaceae,Apocynum cannabinum,n,y,n,y,n,n
2016,Aralia,elata,Araliaceae,Aralia elata,y,y,y,n,y,y
2016,Aralia,nudicaulis,Araliaceae,Aralia nudicaulis,n,n,y,y,n,n
2016,Aralia,racemosa,Araliaceae,Aralia racemosa,n,y,y,y,n,n
2016,Arctium,minus,Asteraceae,Arctium minus,n,n,y,n,y,n
2016,Arisaema,dracontium,Araceae,Arisaema dracontium,n,n,n,n,y,n
2016,Arisaema,triphyllum,Araceae,Arisaema triphyllum,n,y,y,y,n,n
2016,Artemisia,vulgaris,Asteraceae,Artemisia vulgaris,n,y,y,n,y,y
2016,Arum,italicum,Araceae,Arum italicum,n,n,n,n,y,n
2016,Asimina,triloba,Annonaceae,Asimina triloba,n,n,y,y,n,n
2016,Asplenium,platyneuron,Aspleniaceae,Asplenium platyneuron,n,n,y,y,n,n
2016,Athyrium,filix-femina,Woodsiaceae,Athyrium filix-femina,n,y,y,y,n,n
2016,Aucuba,japonica,Garryaceae,Aucuba japonica,n,n,n,n,y,n
2016,Baccharis,halimifolia,Asteraceae,Baccharis halimifolia,n,y,n,y,n,n
2016,Betula,lenta,Betulaceae,Betula lenta,y,y,y,y,n,n
2016,Bidens,frondosa,Asteraceae,Bidens frondosa,n,y,y,y,n,n
2016,Bidens,spp.,Asteraceae,Bidens spp.,n,y,y,n,n,n
2016,Boehmeria,cylindrica,Urticaceae,Boehmeria cylindrica,n,y,y,y,n,n
2016,Callicarpa,sp.,Lamiaceae,Callicarpa sp.,y,n,n,n,y,n
2016,Callitriche,terrestris,Plantaginaceae,Callitriche terrestris,n,n,n,y,n,n
2016,Carex,albicans,Cyperaceae,Carex albicans,n,n,y,y,n,n
2016,Carex,blanda,Cyperaceae,Carex blanda,n,n,y,y,n,n
2016,Carex,cephalophora,Cyperaceae,Carex cephalophora,n,n,y,y,n,n
2016,Carex,debilis,Cyperaceae,Carex debilis,n,y,y,y,n,n
2016,Carex,grayi,Cyperaceae,Carex grayi,n,y,y,y,n,n
2016,Carex,laxiculmis,Cyperaceae,Carex laxiculmis,n,y,n,y,n,n
2016,Carex,pensylvanica,Cyperaceae,Carex pensylvanica,n,y,y,y,n,n
2016,Carex,plantaginea,Cyperaceae,Carex plantaginea,n,y,y,y,n,n
2016,Carex,platyphylla,Cyperaceae,Carex platyphylla,n,y,y,y,n,n
2016,Carex,radiata,Cyperaceae,Carex radiata,n,y,y,y,n,n
2016,Carex,rosea,Cyperaceae,Carex rosea,n,n,y,y,n,n
2016,Carex,spp.,Cyperaceae,Carex spp.,n,y,y,n,n,n
2016,Carex,sprengelii,Cyperaceae,Carex sprengelii,n,n,n,y,n,n
2016,Carex,swanii,Cyperaceae,Carex swanii,n,y,y,y,n,n
2016,Carex,tonsa,Cyperaceae,Carex tonsa,n,y,n,y,n,n
2016,Carex,virescens,Cyperaceae,Carex virescens,n,n,y,y,n,n
2016,Carpinus,caroliniana,Betulaceae,Carpinus caroliniana,y,y,y,y,n,n
2016,Carya,cordiformis,Juglandaceae,Carya cordiformis,y,y,y,y,n,n
2016,Carya,glabra,Juglandaceae,Carya glabra,y,y,y,y,n,n
2016,Carya,ovata,Juglandaceae,Carya ovata,y,n,n,y,n,n
2016,Carya,tomentosa,Juglandaceae,Carya tomentosa,y,y,y,y,n,n
2016,Castanea,dentata,Fagaceae,Castanea dentata,y,n,n,y,n,n
2016,Catalpa,bignonioides,Bignoniaceae,Catalpa bignonioides,y,n,n,y,n,n
2016,Catalpa,speciosa,Bignoniaceae,Catalpa speciosa,y,n,n,y,n,n
2016,Celastrus,orbiculatus,Celastraceae,Celastrus orbiculatus,n,y,y,n,y,y
2016,Celtis,occidentalis,Cannabaceae,Celtis occidentalis,y,n,n,y,n,n
2016,Cephalotaxus,harringtonia,Taxaceae,Cephalotaxus harringtonia,y,y,y,n,y,n
2016,Cercis,canadensis,Fabaceae,Cercis canadensis,n,y,y,y,n,n
2016,Chenopodium,album,Amaranthaceae,Chenopodium album,n,n,y,y,n,n
2016,Chionanthus,virginicus,Oleaceae,Chionanthus virginicus,y,y,y,y,n,n
2016,Cinna,arundinacea,Poaceae,Cinna arundinacea,n,n,y,y,n,n
2016,Circaea,lutetiana,Onagraceae,Circaea lutetiana,n,y,y,y,n,n
2016,Clematis,terniflora,Ranunculaceae,Clematis terniflora,n,n,y,n,y,y
2016,Clethra,alnifolia,Clethraceae,Clethra alnifolia,y,y,y,y,n,n
2016,Commelina,communis,Commelinaceae,Commelina communis,n,y,y,n,y,y
2016,Conopholis,americana,Orobanchaceae,Conopholis americana,n,n,n,y,n,n
2016,Convallaria,majalis,Asparagaceae,Convallaria majalis,n,n,y,n,y,n
2016,Cornus,alternifolia,Cornaceae,Cornus alternifolia,y,n,y,y,n,n
2016,Cornus,florida,Cornaceae,Cornus florida,y,y,y,y,n,n
2016,Cornus,kousa,Cornaceae,Cornus kousa,y,n,n,n,y,n
2016,Cornus,racemosa,Cornaceae,Cornus racemosa,y,n,n,y,n,n
2016,Corylus,americana,Betulaceae,Corylus americana,n,y,y,y,n,n
2016,Crataegus,spp.,Rosaceae,Crataegus spp.,n,y,y,y,n,n
2016,Cryptotaenia,canadensis,Apiaceae,Cryptotaenia canadensis,n,n,y,y,n,n
2016,Cuscuta,gronovii,Convolvulaceae,Cuscuta gronovii,n,y,n,y,n,n
2016,Danthonia,compressa,Poaceae,Danthonia compressa,n,y,y,y,n,n
2016,Danthonia,spicata,Poaceae,Danthonia spicata,n,y,y,y,n,n
2016,Danthonia,spp.,Poaceae,Danthonia spp.,n,n,y,n,n,n
2016,Dennstaedtia,punctilobula,Dennstaedtiaceae,Dennstaedtia punctilobula,n,y,y,y,n,n
2016,Dichanthelium,acuminatum,Poaceae,Dichanthelium acuminatum,n,y,n,y,n,n
2016,Dichanthelium,clandestinum,Poaceae,Dichanthelium clandestinum,n,y,y,y,n,n
2016,Dichanthelium,spp.,Poaceae,Dichanthelium spp.,n,y,y,n,n,n
2016,Dryopteris,intermedia,Dryopteridaceae,Dryopteris intermedia,n,n,y,y,n,n
2016,Dryopteris,marginalis,Dryopteridaceae,Dryopteris marginalis,n,n,y,y,n,n
2016,Duchesnea,indica,Rosaceae,Duchesnea indica,n,y,y,n,y,n
2016,Epifagus,virginiana,Orobanchaceae,Epifagus virginiana,n,y,y,y,n,n
2016,Epilobium,coloratum,Onagraceae,Epilobium coloratum,n,n,y,y,n,n
2016,Epilobium,spp.,Onagraceae,Epilobium spp.,n,y,y,n,n,n
2016,Epipactis,helleborine,Orchidaceae,Epipactis helleborine,n,y,y,n,y,n
2016,Erechtites,hieraciifolius,Asteraceae,Erechtites hieraciifolius,n,y,y,y,n,n
2016,Erigeron,canadensis,Asteraceae,Erigeron canadensis,n,y,y,y,n,n
2016,Euonymus,alatus,Celastraceae,Euonymus alatus,y,y,y,n,y,y
2016,Euonymus,fortunei,Celastraceae,Euonymus fortunei,n,y,y,n,y,y
2016,Euonymus,hamiltonianus,Celastraceae,Euonymus hamiltonianus,y,n,y,n,y,n
2016,Euonymus,spp.,Celastraceae,Euonymus spp.,n,y,y,n,n,n
2016,Eupatorium,cannabinum,Asteraceae,Eupatorium cannabinum,n,n,n,n,y,n
2016,Eupatorium,perfoliatum,Asteraceae,Eupatorium perfoliatum,n,n,y,y,n,n
2016,Eupatorium,spp.,Asteraceae,Eupatorium spp.,n,n,y,n,n,n
2016,Eurybia,divaricata,Asteraceae,Eurybia divaricata,n,y,y,y,n,n
2016,Euthamia,graminifolia,Asteraceae,Euthamia graminifolia,n,y,y,y,n,n
2016,Fagus,grandifolia,Fagaceae,Fagus grandifolia,y,y,y,y,n,n
2016,Ficaria,verna,Ranunculaceae,Ficaria verna,n,y,y,n,y,y
2016,Frangula,alnus,Rhamnaceae,Frangula alnus,y,y,y,n,y,y
2016,Fraxinus,americana,Oleaceae,Fraxinus americana,y,y,y,y,n,n
2016,Fraxinus,pennsylvanica,Oleaceae,Fraxinus pennsylvanica,y,y,y,y,n,n
2016,Gaultheria,procumbens,Ericaceae,Gaultheria procumbens,n,n,y,y,n,n
2016,Geranium,maculatum,Geraniaceae,Geranium maculatum,n,y,y,y,n,n
2016,Geranium,robertianum,Geraniaceae,Geranium robertianum,n,y,n,n,y,n
2016,Geum,canadense,Rosaceae,Geum canadense,n,y,y,y,n,n
2016,Ginkgo,biloba,Ginkgoaceae,Ginkgo biloba,n,n,y,n,y,n
2016,Glyceria,striata,Poaceae,Glyceria striata,n,y,n,y,n,n
2016,Gymnocladus,dioicus,Fabaceae,Gymnocladus dioicus,y,n,y,y,n,n
2016,Hamamelis,virginiana,Hamamelidaceae,Hamamelis virginiana,y,y,y,y,n,n
2016,Hedera,helix,Araliaceae,Hedera helix,n,y,y,n,y,y
2016,Hemerocallis,spp.,Xanthorrhoeaceae,Hemerocallis spp.,n,n,y,n,y,n
2016,Hibiscus,moscheutos,Malvaceae,Hibiscus moscheutos,n,n,y,y,n,n
2016,Hieracium,paniculatum,Asteraceae,Hieracium paniculatum,n,n,n,y,n,n
2016,Hieracium,umbellatum,Asteraceae,Hieracium umbellatum,n,n,n,y,n,n
2016,Hosta,lancifolia,Asparagaceae,Hosta lancifolia,n,n,y,n,y,n
2016,Hosta,latifolia,Asparagaceae,Hosta latifolia,n,y,y,n,y,n
2016,Hosta,spp.,Asparagaceae,Hosta spp.,n,n,y,n,y,n
2016,Houttuynia,cordata,Saururaceae,Houttuynia cordata,n,n,n,n,y,n
2016,Hydrangea,paniculata,Hydrangeaceae,Hydrangea paniculata,y,n,n,n,y,n
2016,Ilex,crenata,Aquifoliaceae,Ilex crenata,y,n,y,n,y,y
2016,Ilex,opaca,Aquifoliaceae,Ilex opaca,y,y,y,y,n,n
2016,Ilex,verticillata,Aquifoliaceae,Ilex verticillata,y,y,n,y,n,n
2016,Impatiens,capensis,Balsaminaceae,Impatiens capensis,n,y,y,y,n,n
2016,Iris,versicolor,Iridaceae,Iris versicolor,n,n,y,y,n,n
2016,Juglans,nigra,Juglandaceae,Juglans nigra,y,n,y,y,n,n
2016,Juncus,tenuis,Juncaceae,Juncus tenuis,n,y,y,y,n,n
2016,Juniperus,spp.,Cupressaceae,Juniperus spp.,n,n,y,n,n,n
2016,Juniperus,virginiana,Cupressaceae,Juniperus virginiana,n,n,y,y,n,n
2016,Kalmia,latifolia,Ericaceae,Kalmia latifolia,y,y,y,y,n,n
2016,Kalopanax,septemlobus,Araliaceae,Kalopanax septemlobus,n,y,y,n,y,n
2016,Koelreuteria,paniculata,Sapindaceae,Koelreuteria paniculata,n,y,y,n,y,n
2016,Lactuca,canadensis,Asteraceae,Lactuca canadensis,n,y,y,y,n,n
2016,Lactuca,serriola,Asteraceae,Lactuca serriola,n,n,y,n,y,n
2016,Lactuca,spp.,Asteraceae,Lactuca spp.,n,n,y,n,n,n
2016,Leersia,virginica,Poaceae,Leersia virginica,n,n,y,y,n,n
2016,Leucothoe,axillaris,Ericaceae,Leucothoe axillaris,n,y,n,y,n,n
2016,Ligustrum,sp (3-1A),Oleaceae,Ligustrum sp (3-1A),n,y,y,n,y,n
2016,Ligustrum,spp.,Oleaceae,Ligustrum spp.,n,y,y,n,y,n
2016,Lindera,benzoin,Lauraceae,Lindera benzoin,y,y,y,y,n,n
2016,Liquidambar,styraciflua,Altingiaceae,Liquidambar styraciflua,y,y,y,y,n,n
2016,Liriodendron,tulipifera,Magnoliaceae,Liriodendron tulipifera,y,y,y,y,n,n
2016,Lonicera,japonica,Caprifoliaceae,Lonicera japonica,n,y,y,n,y,y
2016,Lonicera,maackii,Caprifoliaceae,Lonicera maackii,y,y,y,n,y,y
2016,Luzula,multiflora,Juncaceae,Luzula multiflora,n,n,y,y,n,n
2016,Lysimachia,quadrifolia,Primulaceae,Lysimachia quadrifolia,n,y,y,y,n,n
2016,Magnolia,kobus,Magnoliaceae,Magnolia kobus,y,n,y,n,y,n
2016,Magnolia,tripetala,Magnoliaceae,Magnolia tripetala,y,n,y,y,n,n
2016,Maianthemum,canadense,Asparagaceae,Maianthemum canadense,n,y,y,y,n,n
2016,Maianthemum,racemosum,Asparagaceae,Maianthemum racemosum,n,y,y,y,n,n
2016,Malus,spp.,Rosaceae,Malus spp.,y,y,y,n,y,n
2016,Melilotus,officinalis,Fabaceae,Melilotus officinalis,n,n,y,n,y,n
2016,Menispermum,canadense,Menispermaceae,Menispermum canadense,n,y,y,y,n,n
2016,Mitchella,repens,Rubiaceae,Mitchella repens,n,y,n,y,n,n
2016,Monotropa,uniflora,Ericaceae,Monotropa uniflora,n,y,y,y,n,n
2016,Morus,alba,Moraceae,Morus alba,y,y,y,n,y,y
2016,Morus,rubra,Moraceae,Morus rubra,n,n,y,y,n,n
2016,Muhlenbergia,spp.,Poaceae,Muhlenbergia spp.,n,n,y,n,n,n
2016,Narcissus,sp.,Amaryllidaceae,Narcissus sp.,n,n,y,n,y,n
2016,Nyssa,sylvatica,Nyssaceae,Nyssa sylvatica,y,y,y,y,n,n
2016,Onoclea,sensibilis,Onocleaceae,Onoclea sensibilis,n,n,y,y,n,n
2016,Ostrya,virginiana,Betulaceae,Ostrya virginiana,y,y,y,y,n,n
2016,Oxalis,dillenii,Oxalidaceae,Oxalis dillenii,n,n,y,y,n,n
2016,Oxalis,stricta,Oxalidaceae,Oxalis stricta,n,y,y,y,n,n
2016,Oxalis,spp.,Oxalidaceae,Oxalis spp.,n,n,y,n,n,n
2016,Parthenocissus,quinquefolia,Vitaceae,Parthenocissus quinquefolia,y,y,y,y,n,n
2016,Parthenocissus,tricuspidata,Vitaceae,Parthenocissus tricuspidata,n,y,y,n,y,n
2016,Paspalum,laeve,Poaceae,Paspalum laeve,n,n,n,y,n,n
2016,Paulownia,tomentosa,Paulowniaceae,Paulownia tomentosa,y,n,y,n,y,y
2016,Peltandra,virginica,Araceae,Peltandra virginica,n,n,y,y,n,n
2016,Persicaria,longiseta,Polygonaceae,Persicaria longiseta,n,y,y,n,y,n
2016,Phellodendron,amurense,Rutaceae,Phellodendron amurense,y,y,y,n,y,y
2016,Philadelphus,coronarius,Hydrangeaceae,Philadelphus coronarius,y,n,n,n,y,n
2016,Photinia,villosa,Rosaceae,Photinia villosa,y,y,y,n,y,y
2016,Phytolacca,americana,Phytolaccaceae,Phytolacca americana,n,y,y,y,n,n
2016,Pilea,pumila,Urticaceae,Pilea pumila,n,y,y,y,n,n
2016,Pinus,resinosa,Pinaceae,Pinus resinosa,n,n,y,y,n,n
2016,Pinus,sp.,Pinaceae,Pinus sp.,y,n,n,n,n,n
2016,Pinus,strobus,Pinaceae,Pinus strobus,n,n,y,y,n,n
2016,Plantago,major,Plantaginaceae,Plantago major,n,y,y,y,n,n
2016,Poaceae,spp.,Poaceae,Poaceae spp.,n,y,y,n,n,n
2016,Podophyllum,peltatum,Berberidaceae,Podophyllum peltatum,n,n,y,y,n,n
2016,Polygonatum,biflorum,Asparagaceae,Polygonatum biflorum,n,y,y,y,n,n
2016,Polygonatum,pubescens,Asparagaceae,Polygonatum pubescens,n,y,y,y,n,n
2016,Polygonum,virginianum,Polygonaceae,Polygonum virginianum,n,y,y,y,n,n
2016,Populus,grandidentata,Salicaceae,Populus grandidentata,y,n,n,y,n,n
2016,Prunus,serotina,Rosaceae,Prunus serotina,y,y,y,y,n,n
2016,Prunus,spp.,Rosaceae,Prunus spp.,y,y,y,n,y,n
2016,Quercus,alba,Fagaceae,Quercus alba,y,n,y,y,n,n
2016,Quercus,bicolor,Fagaceae,Quercus bicolor,y,n,n,y,n,n
2016,Quercus,coccinea,Fagaceae,Quercus coccinea,y,n,y,y,n,n
2016,Quercus,palustris,Fagaceae,Quercus palustris,y,n,n,y,n,n
2016,Quercus,rubra,Fagaceae,Quercus rubra,y,y,y,y,n,n
2016,Quercus,velutina,Fagaceae,Quercus velutina,y,y,y,y,n,n
2016,Reynoutria,japonica,Polygonaceae,Reynoutria japonica,n,y,y,n,y,y
2016,Reynoutria,x bohemica,Polygonaceae,Reynoutria x bohemica,n,y,y,n,y,y
2016,Rhamnus,frangula,Rhamnaceae,Rhamnus frangula,n,n,y,n,y,y
2016,Rhododendron,maximum,Ericaceae,Rhododendron maximum,y,n,y,y,n,n
2016,Rhododendron,minus,Ericaceae,Rhododendron minus,n,n,y,y,n,n
2016,Rhododendron,schlippenbachii,Ericaceae,Rhododendron schlippenbachii,y,y,n,n,y,n
2016,Rhododendron,spp.,Ericaceae,Rhododendron spp.,n,y,n,n,n,n
2016,Rhododendron,viscosum,Ericaceae,Rhododendron viscosum,n,n,y,y,n,n
2016,Rhodotypos,scandens,Rosaceae,Rhodotypos scandens,n,n,y,n,y,y
2016,Robinia,pseudoacacia,Fabaceae,Robinia pseudoacacia,y,y,y,n,y,y
2016,Rosa,multiflora,Rosaceae,Rosa multiflora,n,y,y,n,y,y
2016,Rubus,allegheniensis,Rosaceae,Rubus allegheniensis,y,y,y,y,n,n
2016,Rubus,enslenii,Rosaceae,Rubus enslenii,n,y,y,y,n,n
2016,Rubus,hispidus,Rosaceae,Rubus hispidus,n,y,n,y,n,n
2016,Rubus,laciniatus,Rosaceae,Rubus laciniatus,n,n,y,y,n,n
2016,Rubus,pensilvanicus,Rosaceae,Rubus pensilvanicus,n,y,y,y,n,n
2016,Rubus,phoenicolasius,Rosaceae,Rubus phoenicolasius,n,y,y,n,y,y
2016,Rubus,ulmifolius,Rosaceae,Rubus ulmifolius,y,y,n,n,y,y
2016,Rudbeckia,laciniata,Asteraceae,Rudbeckia laciniata,n,y,y,y,n,n
2016,Sambucus,canadensis,Adoxaceae,Sambucus canadensis,y,y,y,y,n,n
2016,Sassafras,albidum,Lauraceae,Sassafras albidum,y,y,y,y,n,n
2016,Sceptridium,dissectum,Ophioglossaceae,Sceptridium dissectum,n,n,y,y,n,n
2016,Setaria,viridis,Poaceae,Setaria viridis,n,n,y,n,y,n
2016,Silene,stellata,Caryophyllaceae,Silene stellata,n,y,n,y,n,n
2016,Smilax,glauca,Smilacaceae,Smilax glauca,n,y,y,y,n,n
2016,Smilax,rotundifolia,Smilacaceae,Smilax rotundifolia,n,y,y,y,n,n
2016,Solanum,dulcamara,Solanaceae,Solanum dulcamara,n,y,y,n,y,y
2016,Solanum,nigrum,Solanaceae,Solanum nigrum,n,y,y,n,y,n
2016,Solidago,caesia,Asteraceae,Solidago caesia,n,y,y,y,n,n
2016,Solidago,canadensis,Asteraceae,Solidago canadensis,n,y,y,y,n,n
2016,Solidago,juncea,Asteraceae,Solidago juncea,n,y,y,y,n,n
2016,Solidago,nemoralis,Asteraceae,Solidago nemoralis,n,n,y,y,n,n
2016,Solidago,odora,Asteraceae,Solidago odora,n,n,y,y,n,n
2016,Solidago,rugosa,Asteraceae,Solidago rugosa,n,y,y,y,n,n
2016,Solidago,spp.,Asteraceae,Solidago spp.,n,y,y,y,n,n
2016,Staphylea,trifolia,Staphyleaceae,Staphylea trifolia,n,n,n,y,n,n
2016,Stellaria,media,Caryophyllaceae,Stellaria media,n,n,y,n,y,n
2016,Symphyotrichum,cordifolium,Asteraceae,Symphyotrichum cordifolium,n,y,y,y,n,n
2016,Symphyotrichum,spp.,Asteraceae,Symphyotrichum spp.,n,y,y,y,n,n
2016,Taraxacum,officinale,Asteraceae,Taraxacum officinale,n,n,y,n,y,n
2016,Taxus,baccata,Taxaceae,Taxus baccata,n,n,y,n,y,n
2016,Thelypteris,noveboracensis,Thelypteridaceae,Thelypteris noveboracensis,n,n,y,y,n,n
2016,Thuja,spp.,Cupressaceae,Thuja spp.,n,n,y,n,n,n
2016,Tilia,americana,Malvaceae,Tilia americana,n,n,y,y,n,n
2016,Tilia,spp.,Malvaceae,Tilia spp.,n,y,n,n,n,n
2016,Toxicodendron,radicans,Anacardiaceae,Toxicodendron radicans,y,y,y,y,n,n
2016,Trifolium,repens,Fabaceae,Trifolium repens,n,n,y,n,y,n
2016,Trifolium,spp.,Fabaceae,Trifolium spp.,n,n,y,n,n,n
2016,Trillium,sessile,Melanthiaceae,Trillium sessile,n,n,n,y,n,n
2016,Tsuga,canadensis,Pinaceae,Tsuga canadensis,y,n,y,y,n,n
2016,Ulmus,americana,Ulmaceae,Ulmus americana,y,y,y,y,n,n
2016,Ulmus,parvifolia,Ulmaceae,Ulmus parvifolia,n,n,y,n,y,y
2016,Urtica,dioica,Urticaceae,Urtica dioica,n,y,y,y,n,n
2016,Vaccinium,angustifolium,Ericaceae,Vaccinium angustifolium,n,n,y,y,n,n
2016,Vaccinium,corymbosum,Ericaceae,Vaccinium corymbosum,y,n,y,y,n,n
2016,Vaccinium,pallidum,Ericaceae,Vaccinium pallidum,n,y,n,y,n,n
2016,Verbesina,alternifolia,Asteraceae,Verbesina alternifolia,n,y,y,y,n,n
2016,Veronica,officinalis,Plantaginaceae,Veronica officinalis,n,y,n,y,n,n
2016,Viburnum,acerifolium,Adoxaceae,Viburnum acerifolium,y,y,y,y,n,n
2016,Viburnum,dentatum,Adoxaceae,Viburnum dentatum,y,y,y,y,n,n
2016,Viburnum,dilatatum,Adoxaceae,Viburnum dilatatum,y,y,y,n,y,y
2016,Viburnum,plicatum,Adoxaceae,Viburnum plicatum,n,y,n,n,y,y
2016,Viburnum,prunifolium,Adoxaceae,Viburnum prunifolium,y,y,y,y,n,n
2016,Viburnum,setigerum,Adoxaceae,Viburnum setigerum,y,y,y,n,y,n
2016,Viola,labradorica,Violaceae,Viola labradorica,n,y,n,y,n,n
2016,Viola,sororia,Violaceae,Viola sororia,n,y,y,y,n,n
2016,Viola,spp.,Violaceae,Viola spp.,n,y,y,n,n,n
2016,Vitis,aestivalis,Vitaceae,Vitis aestivalis,y,n,y,y,n,n
2016,Vitis,novae-angliae,Vitaceae,Vitis novae-angliae,y,n,n,y,n,n
2016,Vitis,spp.,Vitaceae,Vitis spp.,n,n,y,n,n,n
2016,Wisteria,sinensis,Fabaceae,Wisteria sinensis,n,y,y,n,y,y
2016,Wisteria,sp.,Fabaceae,Wisteria sp.,y,n,n,n,n,n
2016,Woodsia,obtusa,Woodsiaceae,Woodsia obtusa,n,n,y,y,n,n
2016,Zelkova,serrata,Ulmaceae,Zelkova serrata,y,n,y,n,y,n
2011,Acer,negundo,Sapindaceae,Acer negundo,n,n,y,y,n,n
2011,Acer,platanoides,Sapindaceae,Acer platanoides,y,y,y,n,y,y
2011,Acer,pseudoplatanus,Sapindaceae,Acer pseudoplatanus,y,n,y,n,y,y
2011,Acer,rubrum,Sapindaceae,Acer rubrum,y,y,y,y,n,n
2011,Acer,saccharum,Sapindaceae,Acer saccharum,y,y,y,y,n,n
2011,Acer,sp.,Sapindaceae,Acer sp.,y,y,n,n,n,n
2011,Ageratina,altissima,Asteraceae,Ageratina altissima,n,y,y,y,n,n
2011,Ailanthus,altissima,Simaroubaceae,Ailanthus altissima,y,y,y,n,y,y
2011,Alliaria,petiolata,Brassicaceae,Alliaria petiolata,n,y,y,n,y,y
2011,Alnus,glutinosa,Betulaceae,Alnus glutinosa,n,y,n,n,y,y
2011,Amelanchier,spp.,Rosaceae,Amelanchier spp.,y,y,y,y,n,n
2011,Ampelopsis,brevipedunculata,Vitaceae,Ampelopsis brevipedunculata,n,y,y,n,y,y
2011,Aralia,elata,Araliaceae,Aralia elata,y,y,y,n,y,y
2011,Aralia,racemosa,Araliaceae,Aralia racemosa,n,y,n,y,n,n
2011,Arisaema,triphyllum,Araceae,Arisaema triphyllum,n,n,y,y,n,n
2011,Artemisia,vulgaris,Asteraceae,Artemisia vulgaris,n,y,y,n,y,y
2011,Asimina,triloba,Annonaceae,Asimina triloba,y,n,n,y,n,n
2011,Berberis,thunbergii,Berberidaceae,Berberis thunbergii,n,n,y,n,y,y
2011,Betula,lenta,Betulaceae,Betula lenta,y,y,y,y,n,n
2011,Betula,nigra,Betulaceae,Betula nigra,n,y,n,y,n,n
2011,Carex,cumulata,Cyperaceae,Carex cumulata,n,n,y,y,n,n
2011,Carex,spp.,Cyperaceae,Carex spp.,n,n,y,n,n,n
2011,Carpinus,caroliniana,Betulaceae,Carpinus caroliniana,y,y,n,y,n,n
2011,Carya,cordiformis,Juglandaceae,Carya cordiformis,n,y,y,y,n,n
2011,Carya ,spp.,Juglandaceae,Carya  spp.,y,y,n,y,n,n
2011,Celastrus,orbiculatus,Celastraceae,Celastrus orbiculatus,n,y,y,n,y,y
2011,Cephalotaxus,harringtonia,Taxaceae,Cephalotaxus harringtonia,y,y,y,n,y,n
2011,Circaea,lutetiana,Onagraceae,Circaea lutetiana,n,y,y,y,n,n
2011,Cirsium,spp.,Asteraceae,Cirsium spp.,n,n,y,n,n,n
2011,Commelina,communis,Commelinaceae,Commelina communis,n,y,y,n,y,y
2011,Cornus,alternifolia,Cornaceae,Cornus alternifolia,y,n,y,y,n,n
2011,Cornus,florida,Cornaceae,Cornus florida,y,y,y,y,n,n
2011,Crataegus,mollis,Rosaceae,Crataegus mollis,n,y,y,y,n,n
2011,Crataegus,spp.,Rosaceae,Crataegus spp.,y,y,y,n,n,n
2011,Echinocystis ,lobata,Cucurbitaceae,Echinocystis  lobata,n,y,y,y,n,n
2011,Euonymus,alatus,Celastraceae,Euonymus alatus,y,y,n,n,y,y
2011,Euonymus,fortunei,Celastraceae,Euonymus fortunei,n,n,y,n,y,y
2011,Euonymus,spp.,Celastraceae,Euonymus spp.,y,n,y,n,y,n
2011,Eurybia,divaricata,Asteraceae,Eurybia divaricata,n,y,y,y,n,n
2011,Fagus,grandifolia,Fagaceae,Fagus grandifolia,y,y,y,y,n,n
2011,Fern,sp.,,Fern sp.,n,y,n,y,n,n
2011,Frangula,alnus,Rhamnaceae,Frangula alnus,y,y,n,n,y,y
2011,Fraxinus,americana,Oleaceae,Fraxinus americana,y,y,y,y,n,n
2011,Fraxinus,spp.,Oleaceae,Fraxinus spp.,n,n,y,y,n,n
2011,Ginkgo,biloba,Ginkgoaceae,Ginkgo biloba,n,y,y,n,y,n
2011,Hamamelis,virginiana,Hamamelidaceae,Hamamelis virginiana,y,y,y,y,n,n
2011,Hedera,helix,Araliaceae,Hedera helix,n,y,y,n,y,y
2011,Hosta,spp.,Asparagaceae,Hosta spp.,n,y,y,n,y,n
2011,Hydrangea,paniculata,Hydrangeaceae,Hydrangea paniculata,y,y,n,n,y,n
2011,Ilex,crenata,Aquifoliaceae,Ilex crenata,n,n,y,n,y,y
2011,Ilex,opaca,Aquifoliaceae,Ilex opaca,y,y,y,y,n,n
2011,Ilex,verticillata,Aquifoliaceae,Ilex verticillata,n,n,y,y,n,n
2011,Impatiens,capensis,Balsaminaceae,Impatiens capensis,n,y,y,y,n,n
2011,Kalopanax,septemlobus,Araliaceae,Kalopanax septemlobus,y,y,y,n,y,n
2011,Ligustrum,spp.,Oleaceae,Ligustrum spp.,n,y,n,n,y,n
2011,Lindera,benzoin,Lauraceae,Lindera benzoin,y,y,y,y,n,n
2011,Liquidambar,styraciflua,Altingiaceae,Liquidambar styraciflua,y,y,y,y,n,n
2011,Liriodendron,tulipifera,Magnoliaceae,Liriodendron tulipifera,y,y,y,y,n,n
2011,Lonicera,gracilipes,Caprifoliaceae,Lonicera gracilipes,n,n,y,n,y,n
2011,Lonicera,japonica,Caprifoliaceae,Lonicera japonica,n,y,y,n,y,y
2011,Lonicera,maackii,Caprifoliaceae,Lonicera maackii,y,y,y,n,y,y
2011,Magnolia,kobus,Magnoliaceae,Magnolia kobus,y,n,n,n,y,n
2011,Magnolia,tripetala,Magnoliaceae,Magnolia tripetala,y,n,n,y,n,n
2011,Maianthemum,canadense,Asparagaceae,Maianthemum canadense,n,y,y,y,n,n
2011,Maianthemum,racemosum,Asparagaceae,Maianthemum racemosum,n,y,y,y,n,n
2011,Malus,spp.,Rosaceae,Malus spp.,y,y,y,n,y,n
2011,Menispermum,canadense,Menispermaceae,Menispermum canadense,n,y,y,y,n,n
2011,Mitchella,repens,Rubiaceae,Mitchella repens,n,y,y,y,n,n
2011,Morus,alba,Moraceae,Morus alba,n,y,y,n,y,y
2011,Morus,rubra,Moraceae,Morus rubra,y,n,y,y,n,n
2011,Nyssa,sylvatica,Nyssaceae,Nyssa sylvatica,y,y,y,y,n,n
2011,Ostrya,virginiana,Betulaceae,Ostrya virginiana,y,y,y,y,n,n
2011,Oxalis,stricta,Oxalidaceae,Oxalis stricta,n,y,y,y,n,n
2011,Parthenocissus,quinquefolia,Vitaceae,Parthenocissus quinquefolia,n,y,y,y,n,n
2011,Paulownia,tomentosa,Paulowniaceae,Paulownia tomentosa,y,y,y,n,y,y
2011,Persicaria,perfoliata,Polygonaceae,Persicaria perfoliata,n,y,n,n,y,y
2011,Persicaria,vulgaris,Polygonaceae,Persicaria vulgaris,n,y,n,n,y,n
2011,Phellodendron,amurense,Rutaceae,Phellodendron amurense,y,y,y,n,y,y
2011,Philadelphus,coronarius,Hydrangeaceae,Philadelphus coronarius,n,y,n,n,y,n
2011,Phytolacca,americana,Phytolaccaceae,Phytolacca americana,n,y,y,y,n,n
2011,Pinus,sp.,Pinaceae,Pinus sp.,n,n,y,n,n,n
2011,Poaceae,spp.,Poaceae,Poaceae spp.,n,y,y,n,n,n
2011,Polygonatum,biflorum,Asparagaceae,Polygonatum biflorum,n,y,y,y,n,n
2011,Polygonatum,spp.,Asparagaceae,Polygonatum spp.,n,n,y,y,n,n
2011,Polygonum,virginianum,Polygonaceae,Polygonum virginianum,n,y,y,y,n,n
2011,Populus,grandidentata,Salicaceae,Populus grandidentata,y,n,n,y,n,n
2011,Prunus,serotina,Rosaceae,Prunus serotina,y,y,y,y,n,n
2011,Prunus,spp.,Rosaceae,Prunus spp.,y,y,y,n,y,n
2011,Quercus,alba,Fagaceae,Quercus alba,y,y,n,y,n,n
2011,Quercus,bicolor,Fagaceae,Quercus bicolor,y,n,n,y,n,n
2011,Quercus,palustris,Fagaceae,Quercus palustris,y,y,n,y,n,n
2011,Quercus,rubra,Fagaceae,Quercus rubra,y,y,n,y,n,n
2011,Quercus,velutina,Fagaceae,Quercus velutina,y,y,n,y,n,n
2011,Reynoutria,japonica,Polygonaceae,Reynoutria japonica,n,y,y,n,y,y
2011,Rhododendron,maximum,Ericaceae,Rhododendron maximum,n,y,n,y,n,n
2011,Rhododendron,spp.,Ericaceae,Rhododendron spp.,y,y,y,n,n,n
2011,Robinia,pseudoacacia,Fabaceae,Robinia pseudoacacia,y,n,n,n,y,y
2011,Rosa,multiflora,Rosaceae,Rosa multiflora,n,y,n,n,y,y
2011,Rosa,spp.,Rosaceae,Rosa spp.,y,n,n,n,y,n
2011,Rubus,allegheniensis,Rosaceae,Rubus allegheniensis,n,y,n,y,n,n
2011,Rubus,phoenicolasius,Rosaceae,Rubus phoenicolasius,n,y,n,n,y,y
2011,Rubus,spp.,Rosaceae,Rubus spp.,n,y,y,n,n,n
2011,Sambucus,canadensis,Adoxaceae,Sambucus canadensis,y,y,n,y,n,n
2011,Sassafras,albidum,Lauraceae,Sassafras albidum,n,y,n,y,n,n
2011,Saururus,cernuus,Saururaceae,Saururus cernuus,n,y,n,y,n,n
2011,Silene,stellata,Caryophyllaceae,Silene stellata,n,y,n,y,n,n
2011,Smilax,rotundifolia,Smilacaceae,Smilax rotundifolia,n,y,n,y,n,n
2011,Solanum,dulcamara,Solanaceae,Solanum dulcamara,n,y,n,n,y,y
2011,Solanum,spp.,Solanaceae,Solanum spp.,n,n,y,n,n,n
2011,Solidago,spp.,Asteraceae,Solidago spp.,n,y,y,n,n,n
2011,Symplocarpus,foetidus,Aracaeae,Symplocarpus foetidus,n,y,n,y,n,n
2011,Tilia,americana,Malvaceae,Tilia americana,y,n,n,y,n,n
2011,Toxicodendron,radicans,Anacardiaceae,Toxicodendron radicans,n,y,n,y,n,n
2011,Trifolium,spp.,Fabaceae,Trifolium spp.,n,y,y,n,n,n
2011,Tsuga,canadensis,Pinaceae,Tsuga canadensis,y,n,n,y,n,n
2011,Ulmus,americana,Ulmaceae,Ulmus americana,y,y,n,y,n,n
2011,Ulmus,parvifolia,Ulmaceae,Ulmus parvifolia,n,y,n,n,y,y
2011,Urtica,dioica,Urticaceae,Urtica dioica,n,y,n,y,n,n
2011,Vaccinium,angustifolium,Ericaceae,Vaccinium angustifolium,n,y,n,y,n,n
2011,Vaccinium,spp.,Ericaceae,Vaccinium spp.,n,n,y,y,n,n
2011,Viburnum,acerifolium,Adoxaceae,Viburnum acerifolium,n,y,n,y,n,n
2011,Viburnum,dentatum,Adoxaceae,Viburnum dentatum,y,y,n,y,n,n
2011,Viburnum,dilatatum,Adoxaceae,Viburnum dilatatum,y,y,n,n,y,y
2011,Viburnum,plicatum,Adoxaceae,Viburnum plicatum,y,n,n,n,y,y
2011,Viburnum,prunifolium,Adoxaceae,Viburnum prunifolium,y,y,n,y,n,n
2011,Viburnum,setigerum,Adoxaceae,Viburnum setigerum,y,y,n,n,y,n
2011,Vinca,sp.,Apocynaceae,Vinca sp.,n,n,y,n,y,n
2011,Viola,sororia,Violaceae,Viola sororia,n,y,n,y,n,n
2011,Vitis,spp.,Vitaceae,Vitis spp.,n,y,y,y,n,n
2011,Wisteria,sp.,Fabaceae,Wisteria sp.,n,y,n,n,y,n
2011,Zelkova,serrata,Ulmaceae,Zelkova serrata,n,y,n,n,y,n
2006,Acer,platanoides,Sapindaceae,Acer platanoides,y,na,na,n,y,y
2006,Acer,rubrum,Sapindaceae,Acer rubrum,y,na,na,y,n,n
2006,Acer,saccharum,Sapindaceae,Acer saccharum,y,na,na,y,n,n
2006,Ailanthus,altissima,Simaroubaceae,Ailanthus altissima,y,na,na,n,y,y
2006,Amelanchier,spp.,Rosaceae,Amelanchier spp.,y,na,na,y,n,n
2006,Aralia,elata,Araliaceae,Aralia elata,y,na,na,n,y,y
2006,Betula,lenta,Betulaceae,Betula lenta,y,na,na,y,n,n
2006,Carpinus,caroliniana,Betulaceae,Carpinus caroliniana,y,na,na,y,n,n
2006,Carya ,spp.,Juglandaceae,Carya  spp.,y,na,na,y,n,n
2006,Cephalotaxus,harringtonia,Taxaceae,Cephalotaxus harringtonia,y,na,na,n,y,n
2006,Chionanthus,virginicus,Oleaceae,Chionanthus virginicus,y,na,na,y,n,n
2006,Cornus,alternifolia,Cornaceae,Cornus alternifolia,y,na,na,y,n,n
2006,Cornus,florida,Cornaceae,Cornus florida,y,na,na,y,n,n
2006,Crataegus,mollis,Rosaceae,Crataegus mollis,y,na,na,y,n,n
2006,Euonymus,alatus,Celastraceae,Euonymus alatus,y,na,na,n,y,y
2006,Fagus,grandifolia,Fagaceae,Fagus grandifolia,y,na,na,y,n,n
2006,Fraxinus,americana,Oleaceae,Fraxinus americana,y,na,na,y,n,n
2006,Hamamelis,virginiana,Hamamelidaceae,Hamamelis virginiana,y,na,na,y,n,n
2006,Ilex,opaca,Aquifoliaceae,Ilex opaca,y,na,na,y,n,n
2006,Ilex,verticillata,Aquifoliaceae,Ilex verticillata,y,na,na,y,n,n
2006,Kalmia,latifolia,Ericaceae,Kalmia latifolia,y,na,na,n,n,n
2006,Lindera,benzoin,Lauraceae,Lindera benzoin,y,na,na,y,n,n
2006,Liriodendron,tulipifera,Magnoliaceae,Liriodendron tulipifera,y,na,na,y,n,n
2006,Lonicera,maackii,Caprifoliaceae,Lonicera maackii,y,na,na,n,y,y
2006,Magnolia,kobus,Magnoliaceae,Magnolia kobus,y,na,na,n,y,n
2006,Malus,spp.,Rosaceae,Malus spp.,y,na,na,n,y,n
2006,Morus,alba,Moraceae,Morus alba,y,na,na,n,y,y
2006,Morus,rubra,Moraceae,Morus rubra,y,na,na,y,n,n
2006,Nyssa,sylvatica,Nyssaceae,Nyssa sylvatica,y,na,na,y,n,n
2006,Ostrya,virginiana,Betulaceae,Ostrya virginiana,y,na,na,y,n,n
2006,Paulownia,tomentosa,Paulowniaceae,Paulownia tomentosa,y,na,na,n,y,y
2006,Phellodendron,amurense,Rutaceae,Phellodendron amurense,y,na,na,n,y,y
2006,Prunus,serotina,Rosaceae,Prunus serotina,y,na,na,y,n,n
2006,Prunus,spp.,Rosaceae,Prunus spp.,y,na,na,n,y,n
2006,Quercus,alba,Fagaceae,Quercus alba,y,na,na,y,n,n
2006,Quercus,palustris,Fagaceae,Quercus palustris,y,na,na,y,n,n
2006,Quercus,rubra,Fagaceae,Quercus rubra,y,na,na,y,n,n
2006,Quercus,velutina,Fagaceae,Quercus velutina,y,na,na,y,n,n
2006,Rhododendron,spp.,Ericaceae,Rhododendron spp.,y,na,na,n,n,n
2006,Sambucus,canadensis,Adoxaceae,Sambucus canadensis,y,na,na,y,n,n
2006,Sassafras,albidum,Lauraceae,Sassafras albidum,y,na,na,y,n,n
2006,Tsuga,canadensis,Pinaceae,Tsuga canadensis,y,na,na,y,n,n
2006,Ulmus,americana,Ulmaceae,Ulmus americana,y,na,na,y,n,n
2006,Vaccinium,corymbosum,Ericaceae,Vaccinium corymbosum,y,na,na,y,n,n
2006,Viburnum,dentatum,Adoxaceae,Viburnum dentatum,y,na,na,y,n,n
2006,Viburnum,dilatatum,Adoxaceae,Viburnum dilatatum,y,na,na,n,y,y
2006,Viburnum,plicatum,Adoxaceae,Viburnum plicatum,y,na,na,n,y,y
2006,Viburnum,prunifolium,Adoxaceae,Viburnum prunifolium,y,na,na,y,n,n
2006,Viburnum,setigerum,Adoxaceae,Viburnum setigerum,y,na,na,n,y,n
2002,Acer,platanoides,Sapindaceae,Acer platanoides,y,na,na,n,y,y
2002,Acer,rubrum,Sapindaceae,Acer rubrum,y,na,na,y,n,n
2002,Acer,saccharum,Sapindaceae,Acer saccharum,y,na,na,y,n,n
2002,Ailanthus,altissima,Simaroubaceae,Ailanthus altissima,y,na,na,n,y,y
2002,Alnus,glutinosa,Betulaceae,Alnus glutinosa,y,na,na,n,y,y
2002,Amelanchier,spp.,Rosaceae,Amelanchier spp.,y,na,na,y,n,n
2002,Aralia,elata,Araliaceae,Aralia elata,y,na,na,n,y,y
2002,Betula,lenta,Betulaceae,Betula lenta,y,na,na,y,n,n
2002,Carpinus,caroliniana,Betulaceae,Carpinus caroliniana,y,na,na,y,n,n
2002,Carya ,spp.,Juglandaceae,Carya  spp.,y,na,na,y,n,n
2002,Chionanthus,virginicus,Oleaceae,Chionanthus virginicus,y,na,na,y,n,n
2002,Cornus,florida,Cornaceae,Cornus florida,y,na,na,y,n,n
2002,Fagus,grandifolia,Fagaceae,Fagus grandifolia,y,na,na,y,n,n
2002,Fraxinus,americana,Oleaceae,Fraxinus americana,y,na,na,y,n,n
2002,Hamamelis,virginiana,Hamamelidaceae,Hamamelis virginiana,y,na,na,y,n,n
2002,Lindera,benzoin,Lauraceae,Lindera benzoin,y,na,na,y,n,n
2002,Liquidambar,styraciflua,Altingiaceae,Liquidambar styraciflua,y,na,na,y,n,n
2002,Liriodendron,tulipifera,Magnoliaceae,Liriodendron tulipifera,y,na,na,y,n,n
2002,Magnolia,kobus,Magnoliaceae,Magnolia kobus,y,na,na,n,y,n
2002,Malus,spp.,Rosaceae,Malus spp.,y,na,na,n,y,n
2002,Morus,rubra,Moraceae,Morus rubra,y,na,na,y,n,n
2002,Nyssa,sylvatica,Nyssaceae,Nyssa sylvatica,y,na,na,y,n,n
2002,Ostrya,virginiana,Betulaceae,Ostrya virginiana,y,na,na,y,n,n
2002,Phellodendron,amurense,Rutaceae,Phellodendron amurense,y,na,na,n,y,y
2002,Prunus,serotina,Rosaceae,Prunus serotina,y,na,na,y,n,n
2002,Prunus,spp.,Rosaceae,Prunus spp.,y,na,na,n,y,n
2002,Quercus,alba,Fagaceae,Quercus alba,y,na,na,y,n,n
2002,Quercus,bicolor,Fagaceae,Quercus bicolor,y,na,na,y,n,n
2002,Quercus,palustris,Fagaceae,Quercus palustris,y,na,na,y,n,n
2002,Quercus,rubra,Fagaceae,Quercus rubra,y,na,na,y,n,n
2002,Quercus,velutina,Fagaceae,Quercus velutina,y,na,na,y,n,n
2002,Rhododendron,spp.,Ericaceae,Rhododendron spp.,y,na,na,n,n,n
2002,Robinia,pseudoacacia,Fabaceae,Robinia pseudoacacia,y,na,na,n,y,y
2002,Sassafras,albidum,Lauraceae,Sassafras albidum,y,na,na,y,n,n
2002,Tsuga,canadensis,Pinaceae,Tsuga canadensis,y,na,na,y,n,n
2002,Ulmus,americana,Ulmaceae,Ulmus americana,y,na,na,y,n,n
2002,Vaccinium,corymbosum,Ericaceae,Vaccinium corymbosum,y,na,na,y,n,n
1937,Acer,sp.,Sapindaceae,Acer sp.,y,na,na,y,n,n
1937,Betula,sp.,Betulaceae,Betula sp.,y,na,na,y,n,n
1937,Carpinus,caroliniana,Betulaceae,Carpinus caroliniana,y,na,na,y,n,n
1937,Carya ,spp.,Juglandaceae,Carya  spp.,y,na,na,y,n,n
1937,Cornus,sp.,Cornaceae,Cornus sp.,y,na,na,y,n,n
1937,Fagus,grandifolia,Fagaceae,Fagus grandifolia,y,na,na,y,n,n
1937,Fraxinus,sp.,Oleaceae,Fraxinus sp.,y,na,na,y,n,n
1937,Liquidambar,styraciflua,Altingiaceae,Liquidambar styraciflua,y,na,na,y,n,n
1937,Liriodendron,tulipifera,Magnoliaceae,Liriodendron tulipifera,y,na,na,y,n,n
1937,Ostrya,virginiana,Betulaceae,Ostrya virginiana,y,na,na,y,n,n
1937,Paulownia,tomentosa,,Paulownia tomentosa,y,na,na,n,y,y
1937,Phellodendron,amurense,Rutaceae,Phellodendron amurense,y,na,na,n,y,y
1937,Prunus,spp.,Rosaceae,Prunus spp.,y,na,na,n,n,n
1937,Quercus,spp.,Fagaceae,Quercus spp.,y,na,na,y,n,n
1937,Sassafras,albidum,Lauraceae,Sassafras albidum,y,na,na,y,n,n
1937,Tsuga,canadensis,Pinaceae,Tsuga canadensis,y,na,na,y,n,n
1937,Ulmus,americana,Ulmaceae,Ulmus americana,y,na,na,y,n,n
1937,Viburnum,prunifolim,Adoxaceae,Viburnum prunifolim,y,na,na,y,n,n
